Area,Year,Value
Afghanistan,1962,5046
Afghanistan,1967,4547
Afghanistan,1972,4024
Afghanistan,1977,3611
Afghanistan,1982,3722
Afghanistan,1987,4159
Afghanistan,1992,3430
Afghanistan,1997,2615
Afghanistan,2002,2194
Afghanistan,2007,1822
Afghanistan,2012,1586
Afghanistan,2014,1450
Albania,1962,15478
Albania,1967,13457
Albania,1972,11934
Albania,1977,10683
Albania,1982,9648
Albania,1987,8619
Albania,1992,8300
Albania,1997,8700
Albania,2002,8614
Albania,2007,8934
Albania,2012,9337
Albania,2014,9285
Algeria,1962,962.4
Algeria,1967,842.4
Algeria,1972,731.6
Algeria,1977,636
Algeria,1982,546.8
Algeria,1987,470.4
Algeria,1992,413.9
Algeria,1997,376.4
Algeria,2002,351.7
Algeria,2007,328.4
Algeria,2012,300.5
Algeria,2014,283.6
Andorra,1962,20520
Andorra,1967,15210
Andorra,1972,11737
Andorra,1977,9631
Andorra,1982,8070
Andorra,1987,6513
Andorra,1992,5358
Andorra,1997,4920
Andorra,2002,4442
Andorra,2007,3718
Andorra,2012,3979
Andorra,2014,4479
Angola,1962,27076
Angola,1967,24820
Angola,1972,22465
Angola,1977,19731
Angola,1982,16803
Angola,1987,14388
Angola,1992,12491
Angola,1997,10723
Angola,2002,9187
Angola,2007,7715
Angola,2012,6524
Angola,2014,5915
Antigua and Barbuda,1962,923.5
Antigua and Barbuda,1967,838.7
Antigua and Barbuda,1972,773.8
Antigua and Barbuda,1977,740.5
Antigua and Barbuda,1982,754.2
Antigua and Barbuda,1987,819.2
Antigua and Barbuda,1992,819.8
Antigua and Barbuda,1997,719.9
Antigua and Barbuda,2002,649.8
Antigua and Barbuda,2007,616.1
Antigua and Barbuda,2012,583.8
Antigua and Barbuda,2014,566.3
Argentina,1962,13717
Argentina,1967,12733
Argentina,1972,11782
Argentina,1977,10863
Argentina,1982,10071
Argentina,1987,9321
Argentina,1992,8676
Argentina,1997,8149
Argentina,2002,7707
Argentina,2007,7305
Argentina,2012,6937
Argentina,2014,6725
Armenia,1992,1988
Armenia,1997,2186
Armenia,2002,2251
Armenia,2007,2296
Armenia,2012,2303
Armenia,2014,2273
Australia,1962,46020
Australia,1967,41082
Australia,1972,36815
Australia,1977,34619
Australia,1982,32581
Australia,1987,30156
Australia,1992,28053
Australia,1997,26576
Australia,2002,25213
Australia,2007,23455
Australia,2012,21474
Australia,2014,20527
Austria,1962,7691
Austria,1967,7441
Austria,1972,7262
Austria,1977,7212
Austria,1982,7247
Austria,1987,7214
Austria,1992,7040
Austria,1997,6862
Austria,2002,6778
Austria,2007,6626
Austria,2012,6505
Austria,2014,6437
Azerbaijan,1992,1089
Azerbaijan,1997,1024
Azerbaijan,2002,980
Azerbaijan,2007,926.1
Azerbaijan,2012,866.9
Azerbaijan,2014,832
Bahamas,1962,5780
Bahamas,1967,4587
Bahamas,1972,3937
Bahamas,1977,3551
Bahamas,1982,3177
Bahamas,1987,2876
Bahamas,1992,2631
Bahamas,1997,2439
Bahamas,2002,2264
Bahamas,2007,2045
Bahamas,2012,1880
Bahamas,2014,1804
Bahrain,1962,23.11
Bahrain,1967,20.39
Bahrain,1972,17.42
Bahrain,1977,13.19
Bahrain,1982,10.36
Bahrain,1987,8.909
Bahrain,1992,7.651
Bahrain,1997,6.691
Bahrain,2002,5.514
Bahrain,2007,3.895
Bahrain,2012,2.999
Bahrain,2014,2.905
Bangladesh,1962,2058
Bangladesh,1967,1761
Bangladesh,1972,1554
Bangladesh,1977,1403
Bangladesh,1982,1223
Bangladesh,1987,1070
Bangladesh,1992,946.1
Bangladesh,1997,849.7
Bangladesh,2002,770.8
Bangladesh,2007,716.3
Bangladesh,2012,676.3
Bangladesh,2014,652.2
Barbados,1962,343.9
Barbados,1967,338.1
Barbados,1972,331.4
Barbados,1977,321.5
Barbados,1982,315.2
Barbados,1987,310.6
Barbados,1992,305.1
Barbados,1997,299.7
Barbados,2002,294.7
Barbados,2007,289.6
Barbados,2012,284.1
Barbados,2014,281.5
Belarus,1992,3322
Belarus,1997,3369
Belarus,2002,3460
Belarus,2007,3558
Belarus,2012,3582
Belarus,2014,3580
Belgium,1962,1305
Belgium,1967,1266
Belgium,1972,1243
Belgium,1977,1231
Belgium,1982,1222
Belgium,1987,1216
Belgium,1992,1198
Belgium,1997,1177
Belgium,2002,1158
Belgium,2007,1121
Belgium,2012,1083
Belgium,2014,1062
Belize,1962,156690
Belize,1967,135404
Belize,1972,119969
Belize,1977,111387
Belize,1982,100726
Belize,1987,87550
Belize,1992,78538
Belize,1997,68863
Belize,2002,58200
Belize,2007,51139
Belize,2012,45322
Belize,2014,42471
Benin,1962,4115
Benin,1967,3769
Benin,1972,3389
Benin,1977,3001
Benin,1982,2620
Benin,1987,2266
Benin,1992,1915
Benin,1997,1619
Benin,2002,1389
Benin,2007,1183
Benin,2012,1025
Benin,2014,946.7
Bhutan,1962,404772
Bhutan,1967,356741
Bhutan,1972,303806
Bhutan,1977,253469
Bhutan,1982,218692
Bhutan,1987,189621
Bhutan,1992,179890
Bhutan,1997,155500
Bhutan,2002,135361
Bhutan,2007,114453
Bhutan,2012,104881
Bhutan,2014,100671
Bolivia (Plurinational State of),1962,79078
Bolivia (Plurinational State of),1967,71631
Bolivia (Plurinational State of),1972,64602
Bolivia (Plurinational State of),1977,57986
Bolivia (Plurinational State of),1982,52014
Bolivia (Plurinational State of),1987,46945
Bolivia (Plurinational State of),1992,42555
Bolivia (Plurinational State of),1997,38559
Bolivia (Plurinational State of),2002,35075
Bolivia (Plurinational State of),2007,32147
Bolivia (Plurinational State of),2012,29642
Bolivia (Plurinational State of),2014,28298
Bosnia and Herzegovina,1992,8254
Bosnia and Herzegovina,1997,9394
Bosnia and Herzegovina,2002,9322
Bosnia and Herzegovina,2007,9245
Bosnia and Herzegovina,2012,9274
Bosnia and Herzegovina,2014,9318
Botswana,1962,4364
Botswana,1967,3802
Botswana,1972,3244
Botswana,1977,2703
Botswana,1982,2243
Botswana,1987,1903
Botswana,1992,1644
Botswana,1997,1458
Botswana,2002,1343
Botswana,2007,1244
Botswana,2012,1125
Botswana,2014,1061
Brazil,1962,73512
Brazil,1967,63711
Brazil,1972,56136
Brazil,1977,49756
Brazil,1982,44208
Brazil,1987,39744
Brazil,1992,36433
Brazil,1997,33718
Brazil,2002,31268
Brazil,2007,29364
Brazil,2012,27969
Brazil,2014,27236
Brunei Darussalam,1962,94866
Brunei Darussalam,1967,75421
Brunei Darussalam,1972,59944
Brunei Darussalam,1977,48907
Brunei Darussalam,1982,41443
Brunei Darussalam,1987,36017
Brunei Darussalam,1992,31250
Brunei Darussalam,1997,27437
Brunei Darussalam,2002,24752
Brunei Darussalam,2007,22697
Brunei Darussalam,2012,20962
Brunei Darussalam,2014,20085
Bulgaria,1962,2624
Bulgaria,1967,2521
Bulgaria,1972,2443
Bulgaria,1977,2389
Bulgaria,1982,2355
Bulgaria,1987,2348
Bulgaria,1992,2427
Bulgaria,1997,2561
Bulgaria,2002,2669
Bulgaria,2007,2775
Bulgaria,2012,2875
Bulgaria,2014,2937
Burkina Faso,1962,2520
Burkina Faso,1967,2340
Burkina Faso,1972,2146
Burkina Faso,1977,1953
Burkina Faso,1982,1746
Burkina Faso,1987,1536
Burkina Faso,1992,1345
Burkina Faso,1997,1172
Burkina Faso,2002,1017
Burkina Faso,2007,876.3
Burkina Faso,2012,753.4
Burkina Faso,2014,690.4
Burundi,1962,3475
Burundi,1967,3110
Burundi,1972,2836
Burundi,1977,2630
Burundi,1982,2308
Burundi,1987,1969
Burundi,1992,1707
Burundi,1997,1567
Burundi,2002,1405
Burundi,2007,1181
Burundi,2012,993.6
Burundi,2014,899.9
Cabo Verde,1962,1422
Cabo Verde,1967,1206
Cabo Verde,1972,1096
Cabo Verde,1977,1089
Cabo Verde,1982,1013
Cabo Verde,1987,925.9
Cabo Verde,1992,836.8
Cabo Verde,1997,732.1
Cabo Verde,2002,658.8
Cabo Verde,2007,623.3
Cabo Verde,2012,598.9
Cabo Verde,2014,576.4
Cambodia,1962,20010
Cambodia,1967,18013
Cambodia,1972,16451
Cambodia,1977,16699
Cambodia,1982,17365
Cambodia,1987,14657
Cambodia,1992,12486
Cambodia,1997,10636
Cambodia,2002,9510
Cambodia,2007,8784
Cambodia,2012,8131
Cambodia,2014,7742
Cameroon,1962,48802
Cameroon,1967,43464
Cameroon,1972,38267
Cameroon,1977,33341
Cameroon,1982,28794
Cameroon,1987,24746
Cameroon,1992,21333
Cameroon,1997,18559
Cameroon,2002,16270
Cameroon,2007,14310
Cameroon,2012,12604
Cameroon,2014,11695
Canada,1962,152733
Canada,1967,139781
Canada,1972,128715
Canada,1977,120132
Canada,1982,113918
Canada,1987,107377
Canada,1992,100515
Canada,1997,95410
Canada,2002,91086
Canada,2007,86411
Canada,2012,81737
Canada,2014,79299
Central African Republic,1962,90559
Central African Republic,1967,82024
Central African Republic,1972,74171
Central African Republic,1977,66888
Central African Republic,1982,58458
Central African Republic,1987,51254
Central African Republic,1992,45646
Central African Republic,1997,40309
Central African Republic,2002,36528
Central African Republic,2007,33555
Central African Republic,2012,30519
Central African Republic,2014,28776
Chad,1962,4805
Chad,1967,4366
Chad,1972,3931
Chad,1977,3525
Chad,1982,3181
Chad,1987,2773
Chad,1992,2362
Chad,1997,2002
Chad,2002,1666
Chad,2007,1391
Chad,2012,1180
Chad,2014,1069
Chile,1962,109883
Chile,1967,98388
Chile,1972,89241
Chile,1977,82356
Chile,1982,76498
Chile,1987,70760
Chile,1992,65232
Chile,1997,60641
Chile,2002,56931
Chile,2007,53757
Chile,2012,50897
Chile,2014,49309
China,1962,4135
China,1967,3692
China,1972,3236
China,1977,2936
China,1982,2733
China,1987,2516
China,1992,2315
China,1997,2205
China,2002,2141
China,2007,2084
China,2012,2029
China,2014,1999
Colombia,1962,122571
Colombia,1967,105608
Colombia,1972,92669
Colombia,1977,82803
Colombia,1982,73897
Colombia,1987,66359
Colombia,1992,60322
Colombia,1997,55505
Colombia,2002,51597
Colombia,2007,48338
Colombia,2012,45754
Colombia,2014,44475
Comoros,1962,6154
Comoros,1967,5607
Comoros,1972,5046
Comoros,1977,4356
Comoros,1982,3654
Comoros,1987,3161
Comoros,1992,2726
Comoros,1997,2369
Comoros,2002,2086
Comoros,2007,1848
Comoros,2012,1636
Comoros,2014,1522
Congo,1962,207865
Congo,1967,181373
Congo,1972,156448
Congo,1977,134464
Congo,1982,116170
Congo,1987,100817
Congo,1992,88270
Congo,1997,77244
Congo,2002,68161
Congo,2007,59742
Congo,2012,51797
Congo,2014,48052
Costa Rica,1962,78856
Costa Rica,1967,66667
Costa Rica,1972,58038
Costa Rica,1977,51178
Costa Rica,1982,44823
Costa Rica,1987,39345
Costa Rica,1992,34695
Costa Rica,1997,30682
Costa Rica,2002,27812
Costa Rica,2007,25864
Costa Rica,2012,24280
Costa Rica,2014,23502
Côte d'Ivoire,1962,20545
Côte d'Ivoire,1967,16737
Côte d'Ivoire,1972,13368
Côte d'Ivoire,1977,10618
Côte d'Ivoire,1982,8536
Côte d'Ivoire,1987,7024
Côte d'Ivoire,1992,5889
Côte d'Ivoire,1997,5024
Côte d'Ivoire,2002,4471
Côte d'Ivoire,2007,4074
Côte d'Ivoire,2012,3641
Côte d'Ivoire,2014,3385
Croatia,1992,7965
Croatia,1997,8319
Croatia,2002,8574
Croatia,2007,8653
Croatia,2012,8794
Croatia,2014,8892
Cuba,1962,5117
Cuba,1967,4613
Cuba,1972,4224
Cuba,1977,3956
Cuba,1982,3840
Cuba,1987,3712
Cuba,1992,3551
Cuba,1997,3465
Cuba,2002,3408
Cuba,2007,3378
Cuba,2012,3361
Cuba,2014,3347
Cyprus,1962,1350
Cyprus,1967,1319
Cyprus,1972,1242
Cyprus,1977,1172
Cyprus,1982,1128
Cyprus,1987,1078
Cyprus,1992,974.1
Cyprus,1997,875.7
Cyprus,2002,796
Cyprus,2007,733.8
Cyprus,2012,690.9
Cyprus,2014,669.5
Czechia,1997,1275
Czechia,2002,1286
Czechia,2007,1273
Czechia,2012,1247
Czechia,2014,1247
Democratic People's Republic of Korea,1962,5644
Democratic People's Republic of Korea,1967,5067
Democratic People's Republic of Korea,1972,4404
Democratic People's Republic of Korea,1977,3998
Democratic People's Republic of Korea,1982,3743
Democratic People's Republic of Korea,1987,3465
Democratic People's Republic of Korea,1992,3215
Democratic People's Republic of Korea,1997,3012
Democratic People's Republic of Korea,2002,2882
Democratic People's Republic of Korea,2007,2779
Democratic People's Republic of Korea,2012,2706
Democratic People's Republic of Korea,2014,2663
Democratic Republic of the Congo,1962,56106
Democratic Republic of the Congo,1967,48972
Democratic Republic of the Congo,1972,42612
Democratic Republic of the Congo,1977,37124
Democratic Republic of the Congo,1982,32443
Democratic Republic of the Congo,1987,28371
Democratic Republic of the Congo,1992,23820
Democratic Republic of the Congo,1997,20198
Democratic Republic of the Congo,2002,17657
Democratic Republic of the Congo,2007,15041
Democratic Republic of the Congo,2012,12804
Democratic Republic of the Congo,2014,11648
Denmark,1962,1291
Denmark,1967,1242
Denmark,1972,1203
Denmark,1977,1177
Denmark,1982,1171
Denmark,1987,1173
Denmark,1992,1160
Denmark,1997,1137
Denmark,2002,1118
Denmark,2007,1097
Denmark,2012,1071
Denmark,2014,1058
Djibouti,1962,3185
Djibouti,1967,2283
Djibouti,1972,1674
Djibouti,1977,1081
Djibouti,1982,779.8
Djibouti,1987,617.8
Djibouti,1992,478.4
Djibouti,1997,437.6
Djibouti,2002,402.4
Djibouti,2007,375.3
Djibouti,2012,351.7
Djibouti,2014,337.9
Dominica,1962,3227
Dominica,1967,2955
Dominica,1972,2788
Dominica,1977,2724
Dominica,1982,2661
Dominica,1987,2764
Dominica,1992,2818
Dominica,1997,2826
Dominica,2002,2865
Dominica,2007,2825
Dominica,2012,2790
Dominica,2014,2752
Dominican Republic,1962,6674
Dominican Republic,1967,5697
Dominican Republic,1972,4937
Dominican Republic,1977,4342
Dominican Republic,1982,3866
Dominican Republic,1987,3474
Dominican Republic,1992,3146
Dominican Republic,1997,2879
Dominican Republic,2002,2661
Dominican Republic,2007,2473
Dominican Republic,2012,2314
Dominican Republic,2014,2232
Ecuador,1962,91918
Ecuador,1967,79483
Ecuador,1972,68813
Ecuador,1977,59995
Ecuador,1982,52711
Ecuador,1987,46549
Ecuador,1992,41323
Ecuador,1997,37099
Ecuador,2002,33843
Ecuador,2007,31144
Ecuador,2012,28692
Ecuador,2014,27403
Egypt,1962,63.02
Egypt,1967,55.46
Egypt,1972,49.58
Egypt,1977,44.58
Egypt,1982,39.47
Egypt,1987,34.5
Egypt,1992,30.55
Egypt,1997,27.8
Egypt,2002,25.38
Egypt,2007,23.19
Egypt,2012,21.01
Egypt,2014,19.67
El Salvador,1962,5338
El Salvador,1967,4619
El Salvador,1972,4047
El Salvador,1977,3611
El Salvador,1982,3310
El Salvador,1987,3094
El Salvador,1992,2899
El Salvador,1997,2746
El Salvador,2002,2661
El Salvador,2007,2611
El Salvador,2012,2574
El Salvador,2014,2551
Equatorial Guinea,1962,100814
Equatorial Guinea,1967,92068
Equatorial Guinea,1972,94580
Equatorial Guinea,1977,117967
Equatorial Guinea,1982,103462
Equatorial Guinea,1987,75736
Equatorial Guinea,1992,64341
Equatorial Guinea,1997,54189
Equatorial Guinea,2002,45799
Equatorial Guinea,2007,39051
Equatorial Guinea,2012,33605
Equatorial Guinea,2014,30766
Eritrea,1997,858.6
Eritrea,2002,739
Eritrea,2007,635.5
Eritrea,2012,572.4
Eritrea,2014,535.6
Estonia,1992,8356
Estonia,1997,9014
Estonia,2002,9190
Estonia,2007,9457
Estonia,2012,9600
Estonia,2014,9680
Ethiopia,1997,2004
Ethiopia,2002,1733
Ethiopia,2007,1508
Ethiopia,2012,1323
Ethiopia,2014,1227
Fiji,1962,67718
Fiji,1967,58516
Fiji,1972,52598
Fiji,1977,47719
Fiji,1982,42727
Fiji,1987,39559
Fiji,1992,38348
Fiji,1997,36007
Fiji,2002,35001
Fiji,2007,34204
Fiji,2012,32658
Fiji,2014,32003
Finland,1962,23804
Finland,1967,23342
Finland,1972,23036
Finland,1977,22579
Finland,1982,22172
Finland,1987,21673
Finland,1992,21251
Finland,1997,20813
Finland,2002,20573
Finland,2007,20231
Finland,2012,19724
Finland,2014,19444
France,1962,4244
France,1967,4017
France,1972,3865
France,1977,3738
France,1982,3668
France,1987,3571
France,1992,3479
France,1997,3410
France,2002,3329
France,2007,3228
France,2012,3147
France,2014,3106
Gabon,1962,321695
Gabon,1967,296136
Gabon,1972,267493
Gabon,1977,241603
Gabon,1982,213848
Gabon,1987,187022
Gabon,1992,163184
Gabon,1997,143357
Gabon,2002,127230
Gabon,2007,113810
Gabon,2012,101674
Gabon,2014,95072
Gambia,1962,7823
Gambia,1967,7206
Gambia,1972,6322
Gambia,1977,5437
Gambia,1982,4628
Gambia,1987,3731
Gambia,1992,3062
Gambia,1997,2662
Gambia,2002,2294
Gambia,2007,1953
Gambia,2012,1660
Gambia,2014,1507
Georgia,1992,10874
Georgia,1997,11813
Georgia,2002,12555
Georgia,2007,13254
Georgia,2012,14044
Georgia,2014,14532
Germany,1962,1441
Germany,1967,1388
Germany,1972,1360
Germany,1977,1363
Germany,1982,1375
Germany,1987,1374
Germany,1992,1336
Germany,1997,1305
Germany,2002,1310
Germany,2007,1323
Germany,2012,1330
Germany,2014,1326
Ghana,1962,4277
Ghana,1967,3761
Ghana,1972,3336
Ghana,1977,2974
Ghana,1982,2638
Ghana,1987,2248
Ghana,1992,1958
Ghana,1997,1725
Ghana,2002,1531
Ghana,2007,1345
Ghana,2012,1186
Ghana,2014,1105
Greece,1962,6895
Greece,1967,6720
Greece,1972,6549
Greece,1977,6266
Greece,1982,5936
Greece,1987,5812
Greece,1992,5620
Greece,1997,5371
Greece,2002,5267
Greece,2007,5211
Greece,2012,5221
Greece,2014,5294
Grenada,1962,2164
Grenada,1967,2106
Grenada,1972,2129
Grenada,1977,2218
Grenada,1982,2148
Grenada,1987,2012
Grenada,1992,2058
Grenada,1997,1978
Grenada,2002,1959
Grenada,2007,1931
Grenada,2012,1896
Grenada,2014,1873
Guatemala,1962,25063
Guatemala,1967,21871
Guatemala,1972,19031
Guatemala,1977,16596
Guatemala,1982,14544
Guatemala,1987,12811
Guatemala,1992,11353
Guatemala,1997,10044
Guatemala,2002,8898
Guatemala,2007,7914
Guatemala,2012,7105
Guatemala,2014,6682
Guinea,1962,61230
Guinea,1967,56191
Guinea,1972,52644
Guinea,1977,51434
Guinea,1982,48239
Guinea,1987,42047
Guinea,1992,33477
Guinea,1997,27128
Guinea,2002,24797
Guinea,2007,22259
Guinea,2012,19434
Guinea,2014,17924
Guinea-Bissau,1962,25397
Guinea-Bissau,1967,23742
Guinea-Bissau,1972,21677
Guinea-Bissau,1977,19863
Guinea-Bissau,1982,18075
Guinea-Bissau,1987,16199
Guinea-Bissau,1992,14480
Guinea-Bissau,1997,12966
Guinea-Bissau,2002,11662
Guinea-Bissau,2007,10478
Guinea-Bissau,2012,9329
Guinea-Bissau,2014,8677
Guyana,1962,401265
Guyana,1967,358631
Guyana,1972,338388
Guyana,1977,316107
Guyana,1982,306811
Guyana,1987,323403
Guyana,1992,335842
Guyana,1997,328427
Guyana,2002,324317
Guyana,2007,323230
Guyana,2012,317774
Guyana,2014,314170
Haiti,1962,3234
Haiti,1967,2926
Haiti,1972,2668
Haiti,1977,2436
Haiti,1982,2185
Haiti,1987,1950
Haiti,1992,1761
Haiti,1997,1604
Haiti,2002,1473
Haiti,2007,1361
Haiti,2012,1264
Haiti,2014,1215
Honduras,1962,42384
Honduras,1967,36468
Honduras,1972,31866
Honduras,1977,27415
Honduras,1982,23438
Honduras,1987,20156
Honduras,1992,17502
Honduras,1997,15482
Honduras,2002,13950
Honduras,2007,12708
Honduras,2012,11719
Honduras,2014,11227
Hungary,1962,596.1
Hungary,1967,586
Hungary,1972,576
Hungary,1977,563.3
Hungary,1982,559.7
Hungary,1987,572.4
Hungary,1992,578.9
Hungary,1997,581.9
Hungary,2002,590.1
Hungary,2007,596.2
Hungary,2012,602.5
Hungary,2014,608.8
Iceland,1962,930997
Iceland,1967,861196
Iceland,1972,809909
Iceland,1977,765421
Iceland,1982,729301
Iceland,1987,688538
Iceland,1992,654098
Iceland,1997,623167
Iceland,2002,592541
Iceland,2007,556647
Iceland,2012,525665
Iceland,2014,516090
India,1962,3089
India,1967,2785
India,1972,2494
India,1977,2222
India,1982,1980
India,1987,1769
India,1992,1595
India,1997,1449
India,2002,1326
India,2007,1226
India,2012,1144
India,2014,1103
Indonesia,1962,21813
Indonesia,1967,19064
Indonesia,1972,16678
Indonesia,1977,14703
Indonesia,1982,13067
Indonesia,1987,11757
Indonesia,1992,10753
Indonesia,1997,9953
Indonesia,2002,9288
Indonesia,2007,8691
Indonesia,2012,8140
Indonesia,2014,7839
Iran (Islamic Republic of),1962,5570
Iran (Islamic Republic of),1967,4883
Iran (Islamic Republic of),1972,4273
Iran (Islamic Republic of),1977,3691
Iran (Islamic Republic of),1982,3070
Iran (Islamic Republic of),1987,2512
Iran (Islamic Republic of),1992,2211
Iran (Islamic Republic of),1997,2058
Iran (Islamic Republic of),2002,1898
Iran (Islamic Republic of),2007,1792
Iran (Islamic Republic of),2012,1687
Iran (Islamic Republic of),2014,1624
Iraq,1962,4587
Iraq,1967,3934
Iraq,1972,3321
Iraq,1977,2825
Iraq,1982,2438
Iraq,1987,2160
Iraq,1992,1906
Iraq,1997,1636
Iraq,2002,1411
Iraq,2007,1238
Iraq,2012,1068
Iraq,2014,966.4
Ireland,1962,17364
Ireland,1967,17002
Ireland,1972,16182
Ireland,1977,14903
Ireland,1982,13996
Ireland,1987,13741
Ireland,1992,13680
Ireland,1997,13222
Ireland,2002,12349
Ireland,2007,11164
Ireland,2012,10497
Ireland,2014,10452
Israel,1962,331.3
Israel,1967,282.7
Israel,1972,247.2
Israel,1977,213.4
Israel,1982,193.1
Israel,1987,177.9
Israel,1992,156
Israel,1997,133.2
Israel,2002,120.2
Israel,2007,108.4
Israel,2012,97.47
Israel,2014,93.01
Italy,1962,3617
Italy,1967,3480
Italy,1972,3363
Italy,1977,3272
Italy,1982,3223
Italy,1987,3203
Italy,1992,3198
Italy,1997,3199
Italy,2002,3165
Italy,2007,3086
Italy,2012,3055
Italy,2014,3052
Jamaica,1962,6437
Jamaica,1967,5985
Jamaica,1972,5606
Jamaica,1977,5237
Jamaica,1982,4892
Jamaica,1987,4606
Jamaica,1992,4466
Jamaica,1997,4268
Jamaica,2002,4106
Jamaica,2007,4000
Jamaica,2012,3916
Jamaica,2014,3874
Japan,1962,4562
Japan,1967,4312
Japan,1972,4033
Japan,1977,3803
Japan,1982,3653
Japan,1987,3553
Japan,1992,3491
Japan,1997,3439
Japan,2002,3406
Japan,2007,3379
Japan,2012,3382
Japan,2014,3397
Jordan,1962,708.4
Jordan,1967,516.7
Jordan,1972,376.4
Jordan,1977,326
Jordan,1982,276.9
Jordan,1987,228.7
Jordan,1992,182.2
Jordan,1997,150.1
Jordan,2002,138.1
Jordan,2007,118.4
Jordan,2012,97.51
Jordan,2014,89.8
Kazakhstan,1992,3916
Kazakhstan,1997,4161
Kazakhstan,2002,4287
Kazakhstan,2007,4084
Kazakhstan,2012,3826
Kazakhstan,2014,3651
Kenya,1962,2399
Kenya,1967,2039
Kenya,1972,1713
Kenya,1977,1425
Kenya,1982,1179
Kenya,1987,979.2
Kenya,1992,827
Kenya,1997,717.7
Kenya,2002,633.2
Kenya,2007,555.7
Kenya,2012,486.6
Kenya,2014,449.5
Kuwait,1962,0
Kuwait,1967,0
Kuwait,1972,0
Kuwait,1977,0
Kuwait,1982,0
Kuwait,1987,0
Kuwait,1992,0
Kuwait,1997,0
Kuwait,2002,0
Kuwait,2007,0
Kuwait,2012,0
Kuwait,2014,0
Kyrgyzstan,1992,10929
Kyrgyzstan,1997,10334
Kyrgyzstan,2002,9732
Kyrgyzstan,2007,9357
Kyrgyzstan,2012,8663
Kyrgyzstan,2014,8237
Lao People's Democratic Republic,1962,85766
Lao People's Democratic Republic,1967,76313
Lao People's Democratic Republic,1972,67089
Lao People's Democratic Republic,1977,60811
Lao People's Democratic Republic,1982,56082
Lao People's Democratic Republic,1987,48883
Lao People's Democratic Republic,1992,42339
Lao People's Democratic Republic,1997,37562
Lao People's Democratic Republic,2002,34606
Lao People's Democratic Republic,2007,32054
Lao People's Democratic Republic,2012,29414
Lao People's Democratic Republic,2014,27992
Latvia,1992,6488
Latvia,1997,6957
Latvia,2002,7311
Latvia,2007,7803
Latvia,2012,8316
Latvia,2014,8599
Lebanon,1962,2494
Lebanon,1967,2207
Lebanon,1972,1986
Lebanon,1977,1842
Lebanon,1982,1824
Lebanon,1987,1796
Lebanon,1992,1701
Lebanon,1997,1552
Lebanon,2002,1362
Lebanon,2007,1175
Lebanon,2012,974.8
Lebanon,2014,820.4
Lesotho,1962,5930
Lesotho,1967,5386
Lesotho,1972,4865
Lesotho,1977,4326
Lesotho,1982,3806
Lesotho,1987,3441
Lesotho,1992,3151
Lesotho,1997,2902
Lesotho,2002,2775
Lesotho,2007,2674
Lesotho,2012,2543
Lesotho,2014,2450
Liberia,1962,170940
Liberia,1967,152091
Liberia,1972,133601
Liberia,1977,116009
Liberia,1982,98232
Liberia,1987,91075
Liberia,1992,98571
Liberia,1997,84567
Liberia,2002,65125
Liberia,2007,56786
Liberia,2012,47733
Liberia,2014,44415
Libya,1962,455.7
Libya,1967,375.9
Libya,1972,303.4
Libya,1977,246.5
Libya,1982,202.9
Libya,1987,171.7
Libya,1992,152.3
Libya,1997,138.3
Libya,2002,126.9
Libya,2007,116.3
Libya,2012,111.4
Libya,2014,111.5
Lithuania,1992,4189
Lithuania,1997,4326
Lithuania,2002,4503
Lithuania,2007,4737
Lithuania,2012,5126
Lithuania,2014,5372
Luxembourg,1962,2562
Luxembourg,1967,2485
Luxembourg,1972,2440
Luxembourg,1977,2415
Luxembourg,1982,2398
Luxembourg,1987,2387
Luxembourg,1992,2351
Luxembourg,1997,2311
Luxembourg,2002,2254
Luxembourg,2007,2107
Luxembourg,2012,1878
Luxembourg,2014,1763
Madagascar,1962,62955
Madagascar,1967,55501
Madagascar,1972,48475
Madagascar,1977,41957
Madagascar,1982,36547
Madagascar,1987,31904
Madagascar,1992,27479
Madagascar,1997,23519
Madagascar,2002,20136
Madagascar,2007,17397
Madagascar,2012,15116
Madagascar,2014,13906
Malawi,1962,4265
Malawi,1967,3787
Malawi,1972,3321
Malawi,1977,2868
Malawi,1982,2489
Malawi,1987,1991
Malawi,1992,1667
Malawi,1997,1573
Malawi,2002,1369
Malawi,2007,1196
Malawi,2012,1028
Malawi,2014,937.6
Malaysia,1962,66582
Malaysia,1967,57358
Malaysia,1972,50611
Malaysia,1977,44989
Malaysia,1982,39879
Malaysia,1987,34722
Malaysia,1992,30200
Malaysia,1997,26596
Malaysia,2002,23769
Malaysia,2007,21698
Malaysia,2012,19985
Malaysia,2014,19122
Maldives,1962,316.1
Maldives,1967,279.1
Maldives,1972,243.1
Maldives,1977,207.5
Maldives,1982,176.6
Maldives,1987,147.7
Maldives,1992,127.1
Maldives,1997,113.2
Maldives,2002,103.4
Maldives,2007,95.09
Maldives,2012,87.01
Maldives,2014,82.49
Mali,1962,11150
Mali,1967,10515
Mali,1972,9761
Mali,1977,8938
Mali,1982,8122
Mali,1987,7432
Mali,1992,6748
Mali,1997,5901
Mali,2002,5118
Mali,2007,4361
Mali,2012,3724
Mali,2014,3409
Malta,1962,162.7
Malta,1967,165.7
Malta,1972,165.7
Malta,1977,162.2
Malta,1982,154.4
Malta,1987,146.2
Malta,1992,139.3
Malta,1997,133.3
Malta,2002,129.1
Malta,2007,125.3
Malta,2012,121.5
Malta,2014,120.6
Mauritania,1962,439.9
Mauritania,1967,380.2
Mauritania,1972,328.4
Mauritania,1977,284.1
Mauritania,1982,246.3
Mauritania,1987,214.5
Mauritania,1992,186.9
Mauritania,1997,161.6
Mauritania,2002,138.6
Mauritania,2007,120.2
Mauritania,2012,105.9
Mauritania,2014,98.33
Mauritius,1962,3940
Mauritius,1967,3505
Mauritius,1972,3227
Mauritius,1977,2983
Mauritius,1982,2782
Mauritius,1987,2671
Mauritius,1992,2540
Mauritius,1997,2384
Mauritius,2002,2289
Mauritius,2007,2231
Mauritius,2012,2187
Mauritius,2014,2161
Mexico,1962,10062
Mexico,1967,8623
Mexico,1972,7372
Mexico,1977,6357
Mexico,1982,5638
Mexico,1987,5076
Mexico,1992,4590
Mexico,1997,4177
Mexico,2002,3874
Mexico,2007,3615
Mexico,2012,3351
Mexico,2014,3220
Mongolia,1962,34421
Mongolia,1967,29668
Mongolia,1972,25645
Mongolia,1977,22279
Mongolia,1982,19573
Mongolia,1987,17118
Mongolia,1992,15508
Mongolia,1997,14897
Mongolia,2002,14239
Mongolia,2007,13421
Mongolia,2012,12393
Mongolia,2014,11761
Morocco,1962,2214
Morocco,1967,1936
Morocco,1972,1732
Morocco,1977,1552
Morocco,1982,1376
Morocco,1987,1231
Morocco,1992,1121
Morocco,1997,1038
Morocco,2002,981.9
Morocco,2007,935.2
Morocco,2012,879.2
Morocco,2014,843.6
Mozambique,1962,12861
Mozambique,1967,11570
Mozambique,1972,10362
Mozambique,1977,9117
Mozambique,1982,8016
Mozambique,1987,7631
Mozambique,1992,7061
Mozambique,1997,5944
Mozambique,2002,5184
Mozambique,2007,4486
Mozambique,2012,3898
Mozambique,2014,3585
Myanmar,1962,44683
Myanmar,1967,39773
Myanmar,1972,35172
Myanmar,1977,31216
Myanmar,1982,27785
Myanmar,1987,25072
Myanmar,1992,23257
Myanmar,1997,21854
Myanmar,2002,20600
Myanmar,2007,19783
Myanmar,2012,19089
Myanmar,2014,18610
Namibia,1962,9736
Namibia,1967,8572
Namibia,1972,7423
Namibia,1977,6486
Namibia,1982,5828
Namibia,1987,4940
Namibia,1992,4069
Namibia,1997,3504
Namibia,2002,3146
Namibia,2007,2957
Namibia,2012,2688
Namibia,2014,2505
Nepal,1962,19100
Nepal,1967,17529
Nepal,1972,15871
Nepal,1977,14245
Nepal,1982,12708
Nepal,1987,11344
Nepal,1992,10027
Nepal,1997,8850
Nepal,2002,8084
Nepal,2007,7604
Nepal,2012,7207
Nepal,2014,6951
Netherlands,1962,937.3
Netherlands,1967,878.2
Netherlands,1972,830.9
Netherlands,1977,795.5
Netherlands,1982,771.7
Netherlands,1987,751.6
Netherlands,1992,727.1
Netherlands,1997,703.5
Netherlands,2002,684.2
Netherlands,2007,668.2
Netherlands,2012,656.8
Netherlands,2014,649.9
New Zealand,1962,132015
New Zealand,1967,120932
New Zealand,1972,111604
New Zealand,1977,104707
New Zealand,1982,102540
New Zealand,1987,98792
New Zealand,1992,93349
New Zealand,1997,87154
New Zealand,2002,82534
New Zealand,2007,77159
New Zealand,2012,73715
New Zealand,2014,72201
Nicaragua,1962,82777
Nicaragua,1967,71324
Nicaragua,1972,61255
Nicaragua,1977,52522
Nicaragua,1982,45460
Nicaragua,1987,40227
Nicaragua,1992,36066
Nicaragua,1997,32630
Nicaragua,2002,30201
Nicaragua,2007,28287
Nicaragua,2012,26578
Nicaragua,2014,25682
Niger,1962,973
Niger,1967,844.6
Niger,1972,736.4
Niger,1977,639.2
Niger,1982,555.6
Niger,1987,483.9
Niger,1992,414.6
Niger,1997,347.9
Niger,2002,289.8
Niger,2007,240.9
Niger,2012,198.5
Niger,2014,175.9
Nigeria,1962,4690
Nigeria,1967,4212
Nigeria,1972,3757
Nigeria,1977,3278
Nigeria,1982,2843
Nigeria,1987,2500
Nigeria,1992,2197
Nigeria,1997,1939
Nigeria,2002,1710
Nigeria,2007,1502
Nigeria,2012,1314
Nigeria,2014,1213
Norway,1962,104974
Norway,1967,100925
Norway,1972,97127
Norway,1977,94508
Norway,1982,92989
Norway,1987,91366
Norway,1992,89127
Norway,1997,86562
Norway,2002,84197
Norway,2007,80984
Norway,2012,76126
Norway,2014,73306
Occupied Palestinian Territory,1962,719.2
Occupied Palestinian Territory,1967,697
Occupied Palestinian Territory,1972,688.1
Occupied Palestinian Territory,1977,580.8
Occupied Palestinian Territory,1982,507.5
Occupied Palestinian Territory,1987,432.1
Occupied Palestinian Territory,1992,355.1
Occupied Palestinian Territory,1997,282.7
Occupied Palestinian Territory,2002,240.2
Occupied Palestinian Territory,2007,216.2
Occupied Palestinian Territory,2012,188.9
Occupied Palestinian Territory,2014,174
Oman,1962,2419
Oman,1967,2121
Oman,1972,1803
Oman,1977,1432
Oman,1982,1085
Oman,1987,863.7
Oman,1992,707.1
Oman,1997,628.4
Oman,2002,602.7
Oman,2007,539.7
Oman,2012,394.9
Oman,2014,311.7
Pakistan,1962,1167
Pakistan,1967,1026
Pakistan,1972,896.6
Pakistan,1977,775.2
Pakistan,1982,659.3
Pakistan,1987,559.5
Pakistan,1992,484.1
Pakistan,1997,426.9
Pakistan,2002,381.2
Pakistan,2007,344.2
Pakistan,2012,310
Pakistan,2014,291.1
Panama,1962,113644
Panama,1967,97991
Panama,1972,84950
Panama,1977,74320
Panama,1982,65863
Panama,1987,58930
Panama,1992,53049
Panama,1997,47879
Panama,2002,43434
Panama,2007,39732
Panama,2012,36485
Panama,2014,34767
Papua New Guinea,1962,393225
Papua New Guinea,1967,354582
Papua New Guinea,1972,310947
Papua New Guinea,1977,269879
Papua New Guinea,1982,235866
Papua New Guinea,1987,207245
Papua New Guinea,1992,183337
Papua New Guinea,1997,161199
Papua New Guinea,2002,141695
Papua New Guinea,2007,125411
Papua New Guinea,2012,111950
Papua New Guinea,2014,105132
Paraguay,1962,58354
Paraguay,1967,51092
Paraguay,1972,45052
Paraguay,1977,39864
Paraguay,1982,34749
Paraguay,1987,30116
Paraguay,1992,26393
Paraguay,1997,23494
Paraguay,2002,21238
Paraguay,2007,19611
Paraguay,2012,18341
Paraguay,2014,17623
Peru,1962,154070
Peru,1967,133610
Peru,1972,116615
Peru,1977,102173
Peru,1982,90036
Peru,1987,80237
Peru,1992,72173
Peru,1997,66097
Peru,2002,61689
Peru,2007,58000
Peru,2012,54412
Peru,2014,52299
Philippines,1962,17058
Philippines,1967,14592
Philippines,1972,12630
Philippines,1977,10974
Philippines,1982,9567
Philippines,1987,8358
Philippines,1992,7360
Philippines,1997,6558
Philippines,2002,5892
Philippines,2007,5384
Philippines,2012,4989
Philippines,2014,4757
Poland,1962,1756
Poland,1967,1671
Poland,1972,1608
Poland,1977,1541
Poland,1982,1468
Poland,1987,1415
Poland,1992,1396
Poland,1997,1389
Poland,2002,1394
Poland,2007,1392
Poland,2012,1388
Poland,2014,1388
Portugal,1962,4262
Portugal,1967,4331
Portugal,1972,4315
Portugal,1977,4025
Portugal,1982,3849
Portugal,1987,3834
Portugal,1992,3822
Portugal,1997,3740
Portugal,2002,3667
Portugal,2007,3602
Portugal,2012,3614
Portugal,2014,3671
Puerto Rico,1962,2907
Puerto Rico,1967,2696
Puerto Rico,1972,2548
Puerto Rico,1977,2338
Puerto Rico,1982,2172
Puerto Rico,1987,2071
Puerto Rico,1992,1979
Puerto Rico,1997,1895
Puerto Rico,2002,1871
Puerto Rico,2007,1899
Puerto Rico,2012,1921
Puerto Rico,2014,1928
Qatar,1962,996.6
Qatar,1967,650
Qatar,1972,429.4
Qatar,1977,307
Qatar,1982,202
Qatar,1987,132.3
Qatar,1992,114.4
Qatar,1997,106
Qatar,2002,88.27
Qatar,2007,47.5
Qatar,2012,27.78
Qatar,2014,25.06
Republic of Korea,1962,2448
Republic of Korea,1967,2190
Republic of Korea,1972,1980
Republic of Korea,1977,1810
Republic of Korea,1982,1677
Republic of Korea,1987,1559
Republic of Korea,1992,1484
Republic of Korea,1997,1432
Republic of Korea,2002,1387
Republic of Korea,2007,1345
Republic of Korea,2012,1307
Republic of Korea,2014,1289
Republic of Moldova,1992,370.3
Republic of Moldova,1997,378.1
Republic of Moldova,2002,387.8
Republic of Moldova,2007,392.4
Republic of Moldova,2012,397.5
Republic of Moldova,2014,398.1
Romania,1962,2239
Romania,1967,2139
Romania,1972,2017
Romania,1977,1919
Romania,1982,1855
Romania,1987,1818
Romania,1992,1813
Romania,1997,1872
Romania,2002,1939
Romania,2007,2020
Romania,2012,2125
Romania,2014,2172
Russian Federation,1992,29072
Russian Federation,1997,29180
Russian Federation,2002,29698
Russian Federation,2007,30116
Russian Federation,2012,30093
Russian Federation,2014,30058
Rwanda,1962,3114
Rwanda,1967,2779
Rwanda,1972,2385
Rwanda,1977,2044
Rwanda,1982,1732
Rwanda,1987,1409
Rwanda,1992,1415
Rwanda,1997,1460
Rwanda,2002,1113
Rwanda,2007,1002
Rwanda,2012,878.2
Rwanda,2014,818.3
Saint Kitts and Nevis,1962,470.9
Saint Kitts and Nevis,1967,506.5
Saint Kitts and Nevis,1972,541.4
Saint Kitts and Nevis,1977,546.1
Saint Kitts and Nevis,1982,561.3
Saint Kitts and Nevis,1987,580.4
Saint Kitts and Nevis,1992,580.3
Saint Kitts and Nevis,1997,546.9
Saint Kitts and Nevis,2002,511.3
Saint Kitts and Nevis,2007,475.5
Saint Kitts and Nevis,2012,447.3
Saint Kitts and Nevis,2014,431.9
Saint Lucia,1962,3258
Saint Lucia,1967,3014
Saint Lucia,1972,2817
Saint Lucia,1977,2660
Saint Lucia,1982,2475
Saint Lucia,1987,2290
Saint Lucia,1992,2114
Saint Lucia,1997,1987
Saint Lucia,2002,1873
Saint Lucia,2007,1763
Saint Lucia,2012,1658
Saint Lucia,2014,1622
Saint Vincent and the Grenadines,1962,1202
Saint Vincent and the Grenadines,1967,1140
Saint Vincent and the Grenadines,1972,1081
Saint Vincent and the Grenadines,1977,1024
Saint Vincent and the Grenadines,1982,978.5
Saint Vincent and the Grenadines,1987,944.3
Saint Vincent and the Grenadines,1992,925.9
Saint Vincent and the Grenadines,1997,925.9
Saint Vincent and the Grenadines,2002,924.2
Saint Vincent and the Grenadines,2007,917.4
Saint Vincent and the Grenadines,2012,914.9
Saint Vincent and the Grenadines,2014,913.2
Sao Tome and Principe,1962,33835
Sao Tome and Principe,1967,32120
Sao Tome and Principe,1972,28115
Sao Tome and Principe,1977,24931
Sao Tome and Principe,1982,22089
Sao Tome and Principe,1987,20317
Sao Tome and Principe,1992,18412
Sao Tome and Principe,1997,16756
Sao Tome and Principe,2002,15234
Sao Tome and Principe,2007,13616
Sao Tome and Principe,2012,12213
Sao Tome and Principe,2014,11456
Saudi Arabia,1962,550.1
Saudi Arabia,1967,461.9
Saudi Arabia,1972,376.1
Saudi Arabia,1977,289.3
Saudi Arabia,1982,213.4
Saudi Arabia,1987,163.9
Saudi Arabia,1992,137.9
Saudi Arabia,1997,121.2
Saudi Arabia,2002,105.9
Saudi Arabia,2007,92.01
Saudi Arabia,2012,81.37
Saudi Arabia,2014,76.09
Senegal,1962,7688
Senegal,1967,6679
Senegal,1972,5753
Senegal,1977,5000
Senegal,1982,4382
Senegal,1987,3768
Senegal,1992,3229
Senegal,1997,2816
Senegal,2002,2483
Senegal,2007,2169
Senegal,2012,1872
Senegal,2014,1705
Serbia,2007,920.8
Serbia,2012,935.9
Serbia,2014,949.8
Sierra Leone,1962,71429
Sierra Leone,1967,66667
Sierra Leone,1972,61397
Sierra Leone,1977,55421
Sierra Leone,1982,49628
Sierra Leone,1987,43455
Sierra Leone,1992,40723
Sierra Leone,1997,41634
Sierra Leone,2002,36183
Sierra Leone,2007,29679
Sierra Leone,2012,26477
Sierra Leone,2014,24795
Singapore,1962,344.4
Singapore,1967,306
Singapore,1972,278.7
Singapore,1977,258.8
Singapore,1982,238.1
Singapore,1987,212.5
Singapore,1992,187.9
Singapore,1997,164.2
Singapore,2002,145.1
Singapore,2007,126.8
Singapore,2012,113.2
Singapore,2014,107.1
Slovakia,1997,2343
Slovakia,2002,2340
Slovakia,2007,2337
Slovakia,2012,2326
Slovakia,2014,2322
Slovenia,1992,9307
Slovenia,1997,9391
Slovenia,2002,9391
Slovenia,2007,9256
Slovenia,2012,9050
Slovenia,2014,9028
Solomon Islands,1962,357314
Solomon Islands,1967,307428
Solomon Islands,1972,258980
Solomon Islands,1977,215007
Solomon Islands,1982,181339
Solomon Islands,1987,155803
Solomon Islands,1992,135455
Solomon Islands,1997,117663
Solomon Islands,2002,102782
Solomon Islands,2007,90835
Solomon Islands,2012,81391
Solomon Islands,2014,76594
Somalia,1962,2087
Somalia,1967,1859
Somalia,1972,1719
Somalia,1977,1262
Somalia,1982,956.6
Somalia,1987,977.4
Somalia,1992,953.3
Somalia,1997,899.1
Somalia,2002,766.6
Somalia,2007,673.5
Somalia,2012,598
Somalia,2014,556.2
South Africa,1962,2445
South Africa,1967,2149
South Africa,1972,1887
South Africa,1977,1659
South Africa,1982,1464
South Africa,1987,1300
South Africa,1992,1159
South Africa,1997,1044
South Africa,2002,968.2
South Africa,2007,901.5
South Africa,2012,847.9
South Africa,2014,822.2
South Sudan,2012,2368
South Sudan,2014,2107
Spain,1962,3573
Spain,1967,3383
Spain,1972,3205
Spain,1977,3031
Spain,1982,2910
Spain,1987,2855
Spain,1992,2823
Spain,1997,2780
Spain,2002,2659
Spain,2007,2460
Spain,2012,2384
Spain,2014,2411
Sri Lanka,1962,5094
Sri Lanka,1967,4528
Sri Lanka,1972,4061
Sri Lanka,1977,3699
Sri Lanka,1982,3406
Sri Lanka,1987,3171
Sri Lanka,1992,2976
Sri Lanka,1997,2857
Sri Lanka,2002,2770
Sri Lanka,2007,2665
Sri Lanka,2012,2585
Sri Lanka,2014,2549
Sudan,2012,106.1
Sudan,2014,99.42
Suriname,1962,323213
Suriname,1967,282212
Suriname,1972,266631
Suriname,1977,274238
Suriname,1982,271978
Suriname,1987,257880
Suriname,1992,233711
Suriname,1997,214471
Suriname,2002,203578
Suriname,2007,197605
Suriname,2012,187323
Suriname,2014,182320
Swaziland,1962,7219
Swaziland,1967,6416
Swaziland,1972,5590
Swaziland,1977,4799
Swaziland,1982,4130
Swaziland,1987,3440
Swaziland,1992,2907
Swaziland,1997,2622
Swaziland,2002,2440
Swaziland,2007,2326
Swaziland,2012,2143
Swaziland,2014,2051
Sweden,1962,22571
Sweden,1967,21725
Sweden,1972,21054
Sweden,1977,20737
Sweden,1982,20545
Sweden,1987,20323
Sweden,1992,19705
Sweden,1997,19302
Sweden,2002,19188
Sweden,2007,18682
Sweden,2012,17919
Sweden,2014,17486
Switzerland,1962,7341
Switzerland,1967,6742
Switzerland,1972,6443
Switzerland,1977,6371
Switzerland,1982,6371
Switzerland,1987,6186
Switzerland,1992,5929
Switzerland,1997,5698
Switzerland,2002,5579
Switzerland,2007,5344
Switzerland,2012,5036
Switzerland,2014,4868
Syrian Arab Republic,1962,1456
Syrian Arab Republic,1967,1237
Syrian Arab Republic,1972,1044
Syrian Arab Republic,1977,881.8
Syrian Arab Republic,1982,741.8
Syrian Arab Republic,1987,627
Syrian Arab Republic,1992,540.9
Syrian Arab Republic,1997,470.7
Syrian Arab Republic,2002,419.6
Syrian Arab Republic,2007,367.1
Syrian Arab Republic,2012,357
Syrian Arab Republic,2014,385.5
Tajikistan,1992,11490
Tajikistan,1997,10689
Tajikistan,2002,9905
Tajikistan,2007,8939
Tajikistan,2012,8002
Tajikistan,2014,7482
Thailand,1962,7720
Thailand,1967,6646
Thailand,1972,5747
Thailand,1977,5054
Thailand,1982,4557
Thailand,1987,4159
Thailand,1992,3887
Thailand,1997,3708
Thailand,2002,3500
Thailand,2007,3383
Thailand,2012,3343
Thailand,2014,3303
The former Yugoslav Republic of Macedonia,1992,2731
The former Yugoslav Republic of Macedonia,1997,2743
The former Yugoslav Republic of Macedonia,2002,2661
The former Yugoslav Republic of Macedonia,2007,2633
The former Yugoslav Republic of Macedonia,2012,2610
The former Yugoslav Republic of Macedonia,2014,2599
Timor-Leste,1962,15877
Timor-Leste,1967,14481
Timor-Leste,1972,12915
Timor-Leste,1977,13036
Timor-Leste,1982,13832
Timor-Leste,1987,11920
Timor-Leste,1992,10362
Timor-Leste,1997,9621
Timor-Leste,2002,9181
Timor-Leste,2007,8046
Timor-Leste,2012,7455
Timor-Leste,2014,6932
Togo,1962,7130
Togo,1967,6199
Togo,1972,5116
Togo,1977,4565
Togo,1982,3945
Togo,1987,3312
Togo,1992,2887
Togo,1997,2552
Togo,2002,2236
Togo,2007,1952
Togo,2012,1705
Togo,2014,1574
Trinidad and Tobago,1962,4364
Trinidad and Tobago,1967,4147
Trinidad and Tobago,1972,3964
Trinidad and Tobago,1977,3692
Trinidad and Tobago,1982,3426
Trinidad and Tobago,1987,3213
Trinidad and Tobago,1992,3104
Trinidad and Tobago,1997,3045
Trinidad and Tobago,2002,3005
Trinidad and Tobago,2007,2934
Trinidad and Tobago,2012,2861
Trinidad and Tobago,2014,2824
Tunisia,1962,974.9
Tunisia,1967,885.4
Tunisia,1972,793.3
Tunisia,1977,709.2
Tunisia,1982,623
Tunisia,1987,545.4
Tunisia,1992,487.6
Tunisia,1997,447
Tunisia,2002,425.3
Tunisia,2007,407.3
Tunisia,2012,385.5
Tunisia,2014,372.8
Turkey,1962,7852
Turkey,1967,6996
Turkey,1972,6223
Turkey,1977,5534
Turkey,1982,4935
Turkey,1987,4436
Turkey,1992,4067
Turkey,1997,3759
Turkey,2002,3486
Turkey,2007,3265
Turkey,2012,3033
Turkey,2014,2886
Turkmenistan,1992,361.9
Turkmenistan,1997,324
Turkmenistan,2002,305.4
Turkmenistan,2007,289.2
Turkmenistan,2012,271.6
Turkmenistan,2014,261.4
Uganda,1962,5387
Uganda,1967,4545
Uganda,1972,3905
Uganda,1977,3400
Uganda,1982,2928
Uganda,1987,2489
Uganda,1992,2100
Uganda,1997,1799
Uganda,2002,1538
Uganda,2007,1300
Uganda,2012,1102
Uganda,2014,999.2
Ukraine,1992,1074
Ukraine,1997,1100
Ukraine,2002,1151
Ukraine,2007,1191
Ukraine,2012,1216
Ukraine,2014,1229
United Arab Emirates,1962,1337
United Arab Emirates,1967,873.1
United Arab Emirates,1972,462.8
United Arab Emirates,1977,207.5
United Arab Emirates,1982,129.5
United Arab Emirates,1987,98.75
United Arab Emirates,1992,74.29
United Arab Emirates,1997,57.8
United Arab Emirates,2002,44.2
United Arab Emirates,2007,24.96
United Arab Emirates,2012,16.75
United Arab Emirates,2014,16.38
United Kingdom,1962,2728
United Kingdom,1967,2641
United Kingdom,1972,2593
United Kingdom,1977,2579
United Kingdom,1982,2578
United Kingdom,1987,2560
United Kingdom,1992,2525
United Kingdom,1997,2489
United Kingdom,2002,2445
United Kingdom,2007,2371
United Kingdom,2012,2281
United Kingdom,2014,2241
United Republic of Tanzania,1962,7862
United Republic of Tanzania,1967,6771
United Republic of Tanzania,1972,5791
United Republic of Tanzania,1977,4936
United Republic of Tanzania,1982,4222
United Republic of Tanzania,1987,3620
United Republic of Tanzania,1992,3088
United Republic of Tanzania,1997,2664
United Republic of Tanzania,2002,2343
United Republic of Tanzania,2007,2023
United Republic of Tanzania,2012,1727
United Republic of Tanzania,2014,1571
United States of America,1962,14688
United States of America,1967,13833
United States of America,1972,13216
United States of America,1977,12632
United States of America,1982,12045
United States of America,1987,11482
United States of America,1992,10926
United States of America,1997,10327
United States of America,2002,9769
United States of America,2007,9342
United States of America,2012,8952
United States of America,2014,8758
Uruguay,1962,35407
Uruguay,1967,33527
Uruguay,1972,32683
Uruguay,1977,32272
Uruguay,1982,31212
Uruguay,1987,30230
Uruguay,1992,29223
Uruguay,1997,28187
Uruguay,2002,27704
Uruguay,2007,27605
Uruguay,2012,27142
Uruguay,2014,26865
Uzbekistan,1992,763
Uzbekistan,1997,696.1
Uzbekistan,2002,651.3
Uzbekistan,2007,614.6
Uzbekistan,2012,571.5
Uzbekistan,2014,546.6
Vanuatu,1962,147471
Vanuatu,1967,127356
Vanuatu,1972,110108
Vanuatu,1977,94162
Vanuatu,1982,82372
Vanuatu,1987,73475
Vanuatu,1992,64433
Vanuatu,1997,57143
Vanuatu,2002,51546
Vanuatu,2007,45455
Vanuatu,2012,40404
Vanuatu,2014,37793
Venezuela (Bolivarian Republic of),1962,91571
Venezuela (Bolivarian Republic of),1967,76463
Venezuela (Bolivarian Republic of),1972,65522
Venezuela (Bolivarian Republic of),1977,56979
Venezuela (Bolivarian Republic of),1982,49734
Venezuela (Bolivarian Republic of),1987,43660
Venezuela (Bolivarian Republic of),1992,38704
Venezuela (Bolivarian Republic of),1997,34836
Venezuela (Bolivarian Republic of),2002,31694
Venezuela (Bolivarian Republic of),2007,29092
Venezuela (Bolivarian Republic of),2012,26965
Venezuela (Bolivarian Republic of),2014,25878
Viet Nam,1962,10362
Viet Nam,1967,8968
Viet Nam,1972,7890
Viet Nam,1977,7061
Viet Nam,1982,6313
Viet Nam,1987,5626
Viet Nam,1992,5053
Viet Nam,1997,4640
Viet Nam,2002,4387
Viet Nam,2007,4190
Viet Nam,2012,3978
Viet Nam,2014,3846
Yemen,1962,393.3
Yemen,1967,360.4
Yemen,1972,329.6
Yemen,1977,290.6
Yemen,1982,241.4
Yemen,1987,199.2
Yemen,1992,158.6
Yemen,1997,128.4
Yemen,2002,111.5
Yemen,2007,96.77
Yemen,2012,84.39
Yemen,2014,78.26
Zambia,1962,24745
Zambia,1967,21144
Zambia,1972,17886
Zambia,1977,15007
Zambia,1982,12624
Zambia,1987,10738
Zambia,1992,9351
Zambia,1997,8214
Zambia,2002,7199
Zambia,2007,6296
Zambia,2012,5424
Zambia,2014,4947
Zimbabwe,1962,3060
Zimbabwe,1967,2598
Zimbabwe,1972,2200
Zimbabwe,1977,1863
Zimbabwe,1982,1557
Zimbabwe,1987,1286
Zimbabwe,1992,1113
Zimbabwe,1997,1017
Zimbabwe,2002,966
Zimbabwe,2007,921.9
Zimbabwe,2012,841.7
Zimbabwe,2014,785.7